name;content;img;link;date
"attribution d'option";"vous avez été associé a l'option DS";https://cdn-icons-png.flaticon.com/512/1004/1004017.png;;1653850989
"attribution d'option";"vous avez été associé a l'option DS";https://cdn-icons-png.flaticon.com/512/1004/1004017.png;;1653851345
"attribution d'option";"vous avez été associé a l'option DS";https://cdn-icons-png.flaticon.com/512/1004/1004017.png;;1653851391
"attribution d'option";"vous avez été associé a l'option DS";https://cdn-icons-png.flaticon.com/512/1004/1004017.png;;1653851417
"attribution d'option";"vous avez été associé a l'option DS";https://cdn-icons-png.flaticon.com/512/1004/1004017.png;;1653851436
"attribution d'option";"vous avez été associé a l'option DS";https://cdn-icons-png.flaticon.com/512/1004/1004017.png;;1653851467
"attribution d'option";"vous avez été associé a l'option DS";https://cdn-icons-png.flaticon.com/512/1004/1004017.png;;1653851493
"attribution d'option";"vous avez été associé a l'option DS";https://cdn-icons-png.flaticon.com/512/1004/1004017.png;;1653851538
"attribution d'option";"vous avez été associé a l'option DS";https://cdn-icons-png.flaticon.com/512/1004/1004017.png;;1653851683
